{
  "queryName": "raw-full-read",
  "dataset": {
    "series": 32,
    "pointsPerSeries": 262144,
    "totalSamples": 8388608,
    "chunkSize": 256,
    "chunksPerSeries": 1024
  },
  "query": {
    "metric": "cpu_usage",
    "agg": null,
    "step": null,
    "start": "0",
    "end": "262143000"
  },
  "timing": {
    "minMs": 77.20987500000001,
    "medianMs": 89.67016699999999,
    "avgMs": 89.8965418333333,
    "maxMs": 101.54224999999997,
    "samples": [
      88.86924999999997,
      94.6942919999999,
      101.54224999999997,
      87.393417,
      89.67016699999999,
      77.20987500000001
    ]
  },
  "memory": {
    "before": {
      "rss": 529055744,
      "heapTotal": 187498496,
      "heapUsed": 51695296,
      "external": 279240429,
      "arrayBuffers": 276862671
    },
    "after": {
      "rss": 875593728,
      "heapTotal": 188284928,
      "heapUsed": 51466768,
      "external": 572841749,
      "arrayBuffers": 550973135
    },
    "delta": {
      "rss": 346537984,
      "heapTotal": 786432,
      "heapUsed": -228528,
      "external": 293601320,
      "arrayBuffers": 274110464
    }
  },
  "result": {
    "warmFingerprint": "32:8388608:32|host-00:262144:0:262143000:100:2243|host-01:262144:0:262143000:110:2253|host-02:262144:0:262143000:120:2263|host-03:262144:0:262143000:130:2273|host-04:262144:0:262143000:140:2283|host-05:262144:0:262143000:150:2293|host-06:262144:0:262143000:160:2303|host-07:262144:0:262143000:170:2313|host-08:262144:0:262143000:180:2323|host-09:262144:0:262143000:190:2333|host-10:262144:0:262143000:200:2343|host-11:262144:0:262143000:210:2353|host-12:262144:0:262143000:220:2363|host-13:262144:0:262143000:230:2373|host-14:262144:0:262143000:240:2383|host-15:262144:0:262143000:250:2393|host-16:262144:0:262143000:260:2403|host-17:262144:0:262143000:270:2413|host-18:262144:0:262143000:280:2423|host-19:262144:0:262143000:290:2433|host-20:262144:0:262143000:300:2443|host-21:262144:0:262143000:310:2453|host-22:262144:0:262143000:320:2463|host-23:262144:0:262143000:330:2473|host-24:262144:0:262143000:340:2483|host-25:262144:0:262143000:350:2493|host-26:262144:0:262143000:360:2503|host-27:262144:0:262143000:370:2513|host-28:262144:0:262143000:380:2523|host-29:262144:0:262143000:390:2533|host-30:262144:0:262143000:400:2543|host-31:262144:0:262143000:410:2553",
    "finalFingerprint": "32:8388608:32|host-00:262144:0:262143000:100:2243|host-01:262144:0:262143000:110:2253|host-02:262144:0:262143000:120:2263|host-03:262144:0:262143000:130:2273|host-04:262144:0:262143000:140:2283|host-05:262144:0:262143000:150:2293|host-06:262144:0:262143000:160:2303|host-07:262144:0:262143000:170:2313|host-08:262144:0:262143000:180:2323|host-09:262144:0:262143000:190:2333|host-10:262144:0:262143000:200:2343|host-11:262144:0:262143000:210:2353|host-12:262144:0:262143000:220:2363|host-13:262144:0:262143000:230:2373|host-14:262144:0:262143000:240:2383|host-15:262144:0:262143000:250:2393|host-16:262144:0:262143000:260:2403|host-17:262144:0:262143000:270:2413|host-18:262144:0:262143000:280:2423|host-19:262144:0:262143000:290:2433|host-20:262144:0:262143000:300:2443|host-21:262144:0:262143000:310:2453|host-22:262144:0:262143000:320:2463|host-23:262144:0:262143000:330:2473|host-24:262144:0:262143000:340:2483|host-25:262144:0:262143000:350:2493|host-26:262144:0:262143000:360:2503|host-27:262144:0:262143000:370:2513|host-28:262144:0:262143000:380:2523|host-29:262144:0:262143000:390:2533|host-30:262144:0:262143000:400:2543|host-31:262144:0:262143000:410:2553",
    "fingerprintStable": true,
    "scannedSeries": 32,
    "scannedSamples": 8388608,
    "resultSeries": 32
  },
  "profiles": {
    "cpuProfilePath": "/Users/billeaston/.codex/worktrees/9d53/o11ykit/.codex-bench/profiles/raw-full-read.cpuprofile.json",
    "heapProfilePath": "/Users/billeaston/.codex/worktrees/9d53/o11ykit/.codex-bench/profiles/raw-full-read.heapprofile.json"
  }
}
