{
  "queryName": "sum-coarse",
  "dataset": {
    "series": 32,
    "pointsPerSeries": 262144,
    "totalSamples": 8388608,
    "chunkSize": 256,
    "chunksPerSeries": 1024
  },
  "query": {
    "metric": "cpu_usage",
    "agg": "sum",
    "step": "256000",
    "start": "0",
    "end": "262143000"
  },
  "timing": {
    "minMs": 13.972332999999935,
    "medianMs": 16.96970799999997,
    "avgMs": 16.251867999999984,
    "maxMs": 17.608749999999986,
    "samples": [
      17.608749999999986,
      17.307874999999967,
      16.96970799999997,
      15.811584000000039,
      15.840958,
      13.972332999999935
    ]
  },
  "memory": {
    "before": {
      "rss": 459620352,
      "heapTotal": 184877056,
      "heapUsed": 59359128,
      "external": 147456675,
      "arrayBuffers": 145073871
    },
    "after": {
      "rss": 498368512,
      "heapTotal": 188022784,
      "heapUsed": 109306888,
      "external": 147538652,
      "arrayBuffers": 145155808
    },
    "delta": {
      "rss": 38748160,
      "heapTotal": 3145728,
      "heapUsed": 49947760,
      "external": 81977,
      "arrayBuffers": 81937
    }
  },
  "result": {
    "warmFingerprint": "32:8388608:1|all:1024:0:261888000:3133440:18599936",
    "finalFingerprint": "32:8388608:1|all:1024:0:261888000:3133440:18599936",
    "fingerprintStable": true,
    "scannedSeries": 32,
    "scannedSamples": 8388608,
    "resultSeries": 1
  },
  "profiles": {
    "cpuProfilePath": "/Users/billeaston/.codex/worktrees/9d53/o11ykit/.codex-bench/profiles/sum-coarse.cpuprofile.json",
    "heapProfilePath": "/Users/billeaston/.codex/worktrees/9d53/o11ykit/.codex-bench/profiles/sum-coarse.heapprofile.json"
  }
}
