{
  "queryName": "sum-half-chunk",
  "dataset": {
    "series": 32,
    "pointsPerSeries": 262144,
    "totalSamples": 8388608,
    "chunkSize": 256,
    "chunksPerSeries": 1024
  },
  "query": {
    "metric": "cpu_usage",
    "agg": "sum",
    "step": "128000",
    "start": "0",
    "end": "262143000"
  },
  "timing": {
    "minMs": 118.97649999999999,
    "medianMs": 125.98399999999992,
    "avgMs": 124.00581949999999,
    "maxMs": 129.457333,
    "samples": [
      129.457333,
      119.86429099999998,
      128.012834,
      125.98399999999992,
      121.73995900000011,
      118.97649999999999
    ]
  },
  "memory": {
    "before": {
      "rss": 453967872,
      "heapTotal": 186449920,
      "heapUsed": 56895496,
      "external": 149363363,
      "arrayBuffers": 146980559
    },
    "after": {
      "rss": 526696448,
      "heapTotal": 186974208,
      "heapUsed": 86457448,
      "external": 189071125,
      "arrayBuffers": 186693327
    },
    "delta": {
      "rss": 72728576,
      "heapTotal": 524288,
      "heapUsed": 29561952,
      "external": 39707762,
      "arrayBuffers": 39712768
    }
  },
  "result": {
    "warmFingerprint": "32:8388608:1|all:2048:0:262016000:1304576:9562112",
    "finalFingerprint": "32:8388608:1|all:2048:0:262016000:1304576:9562112",
    "fingerprintStable": true,
    "scannedSeries": 32,
    "scannedSamples": 8388608,
    "resultSeries": 1
  },
  "profiles": {
    "cpuProfilePath": "/Users/billeaston/.codex/worktrees/9d53/o11ykit/.codex-bench/profiles/sum-half-chunk.cpuprofile.json",
    "heapProfilePath": "/Users/billeaston/.codex/worktrees/9d53/o11ykit/.codex-bench/profiles/sum-half-chunk.heapprofile.json"
  }
}
